{
  "easycom": {
    "^u-(.*)": "uview-ui/components/u-$1/u-$1.vue",
    "^c-(.*)-(.*)": "vue-mobile/components/$1/components/$2/index.vue",
    "^c-(.*)": "vue-mobile/components/$1/index.vue",
    "^lr-(.*)-(.*)": "vue-mobile/@lr/components/$1/components/$2/index.vue",
    "^lr-(.*)": "vue-mobile/@lr/components/$1/index.vue",
    "^gc-(.*)-(.*)": "@/components/$1/components/$2/index.vue",
    "^gc-(.*)": "@/components/$1/index.vue"
  },
  "pages": [
    {
      "path": "pages/home/index",
      "style": {
        "navigationBarTitleText": "",
        "navigationStyle": "custom"
      }
    }
  ],
  "globalStyle": {
    "navigationBarTextStyle": "black",
    "navigationBarTitleText": "",
    "navigationBarBackgroundColor": "#ffffff",
    "backgroundColor": "#F2F2F2"
  }
}
