{
  "pages": [
    {
      "path": "pages/home/index",
      "style": {
        "navigationBarTitleText": "Sol Summer Shop",
        "navigationBarTextStyle": "white",
        "navigationBarBackgroundColor": "#5ac725"
      }
    },
    {
      "path": "pages/categories/index",
      "style": {
        "navigationBarTitleText": "分类"
      }
    },
    {
      "path": "pages/cart/index",
      "style": {
        "navigationBarTitleText": "购物车"
      }
    },
    {
      "path": "pages/checkout/index",
      "style": {
        "navigationBarTitleText": "结算"
      }
    },
    {
      "path": "pages/checkout/result/index",
      "style": {
        "navigationBarTitleText": "下单成功"
      }
    },
    {
      "path": "pages/products/search/index",
      "style": {
        "navigationBarTitleText": "搜索"
      }
    },
    {
      "path": "pages/products/list/index",
      "style": {
        "navigationBarTitleText": "商品列表"
      }
    },
    {
      "path": "pages/products/detail/index",
      "style": {
        "navigationBarTitleText": "商品详情"
      }
    },
    {
      "path": "pages/user/home/index",
      "style": {
        "navigationBarTitleText": "我的"
      }
    },
    {
      "path": "pages/user/info/index",
      "style": {
        "navigationBarTitleText": "我的资料"
      }
    },
    {
      "path": "pages/user/account-login/index",
      "style": {
        "navigationBarTitleText": "登录"
      }
    },
    {
      "path": "pages/user/mp-login/index",
      "style": {
        "navigationBarTitleText": "登录"
      }
    },
    {
      "path": "pages/user/account-register/index",
      "style": {
        "navigationBarTitleText": "注册"
      }
    },
    {
      "path": "pages/user/password/index",
      "style": {
        "navigationBarTitleText": "重置密码"
      }
    },
    {
      "path": "pages/user/phone-number/index",
      "style": {
        "navigationBarTitleText": "绑定手机号"
      }
    },
    {
      "path": "pages/user/addresses/list/index",
      "style": {
        "navigationBarTitleText": ""
      }
    },
    {
      "path": "pages/user/addresses/form/index",
      "style": {
        "navigationBarTitleText": ""
      }
    },
    {
      "path": "pages/user/orders/list/index",
      "style": {
        "navigationBarTitleText": "我的订单"
      }
    },
    {
      "path": "pages/user/orders/detail/index",
      "style": {
        "navigationBarTitleText": "订单详情"
      }
    },
    {
      "path": "pages/user/collections/index",
      "style": {
        "navigationBarTitleText": "我的收藏"
      }
    },
    {
      "path": "pages/manage/products/list/index",
      "style": {
        "navigationBarTitleText": "商品管理"
      }
    },
    {
      "path": "pages/manage/products/form/index",
      "style": {
        "navigationBarTitleText": ""
      }
    },
    {
      "path": "pages/manage/distribute/index",
      "style": {
        "navigationBarTitleText": "配送管理"
      }
    },
    {
      "path": "pages/im/chats/list/index",
      "style": {
        "navigationBarTitleText": "消息"
      }
    },
    {
      "path": "pages/im/chats/detail/index",
      "style": {
        "navigationBarTitleText": ""
      }
    }
  ],
  "globalStyle": {
    "navigationBarTextStyle": "black",
    "navigationBarTitleText": "uni-app",
    "navigationBarBackgroundColor": "#ffffff",
    "backgroundColor": "#F2F2F2"
  },
  "tabBar": {
    "color": "#999999",
    "selectedColor": "#333333",
    "borderStyle": "black",
    "backgroundColor": "#ffffff",
    "list": [
      {
        "pagePath": "pages/home/index",
        "iconPath": "static/tab-bar/home.png",
        "selectedIconPath": "static/tab-bar/home-selected.png",
        "text": "首页"
      },
      {
        "pagePath": "pages/categories/index",
        "iconPath": "static/tab-bar/category.png",
        "selectedIconPath": "static/tab-bar/category-selected.png",
        "text": "分类"
      },
      {
        "pagePath": "pages/cart/index",
        "iconPath": "static/tab-bar/cart.png",
        "selectedIconPath": "static/tab-bar/cart-selected.png",
        "text": "购物车"
      },
      {
        "pagePath": "pages/im/chats/list/index",
        "iconPath": "static/tab-bar/message.png",
        "selectedIconPath": "static/tab-bar/message-selected.png",
        "text": "消息"
      },
      {
        "pagePath": "pages/user/home/index",
        "iconPath": "static/tab-bar/user.png",
        "selectedIconPath": "static/tab-bar/user-selected.png",
        "text": "我的"
      }
    ]
  }
}
